INSERT INTO reim_company (reim_company_id, reim_company_no, reim_company_name) VALUES
('1C54557F1782E000', '0407', '胜意科技北京分公司'),
('19218A262C976000', '0408', '胜意科技上海分公司'),
('1C61686865DA8000', '0409', '胜意科技武汉分公司'),
('1717271D1DA15000', '0410', '胜意科技杭州分公司'),
('16AE93CC7EF92002', '0411', '胜意科技荆州分公司')
ON DUPLICATE KEY UPDATE
    reim_company_no = VALUES(reim_company_no),
    reim_company_name = VALUES(reim_company_name);

INSERT INTO reim_department (reim_department_id, reim_department_no, reim_department_name) VALUES
('13AB8D7B52A9B002', '072001', '客户成功事业部'),
('13BFD31C6029A002', '072002', '企业消费事业部'),
('14515BB4BFB92003', '072003', '企业费控事业部'),
('19206611C47A6000', '072004', '集采事业部'),
('19D32F9FE9647000', '072005', '航旅事业部'),
('13C7E2BAE0393001', '072006', '运营事业部'),
('14055D22BB808001', '072007', '营销事业部')
ON DUPLICATE KEY UPDATE
    reim_department_no = VALUES(reim_department_no),
    reim_department_name = VALUES(reim_department_name);

INSERT INTO employee (reimburser_id, reimburser_no, reimburser_name) VALUES
('13AB3A3F72409002', '74541', '徐年年'),
('13AB498CC6409002', '74008', '郑雨雪'),
('13AB4A56BB009002', '21552', '邹薇'),
('13AB591FE8009002', '80681', '王成军'),
('13AB77281A408001', '89899', '潘展飞'),
('13AB7925EB808001', '10503', '姜林')
ON DUPLICATE KEY UPDATE
    reimburser_no = VALUES(reimburser_no),
    reimburser_name = VALUES(reimburser_name);

INSERT INTO business_type (business_type_id, business_type_no, business_type_name, there_subordinate_node, superior_id) VALUES
('18F0916A8C2C4000', '1001001', '员工差旅活动', '1', 'none'),
('18F091913EEC4000', '100100101', '境内出差', '1', '18F0916A8C2C4000'),
('1B5FEB7DD4396000', '10010010101', '项目出差', '0', '18F091913EEC4000'),
('1A92E43082EFC000', '10010010102', '市场拓展出差', '0', '18F091913EEC4000'),
('13AB3A4138008001', '100100102', '境外出差', '1', '18F0916A8C2C4000'),
('13AB3A4248008002', '10010010201', '国外考察', '0', '13AB3A4138008001'),
('13AB3A4154008001', '10010010202', '售后维护出差', '0', '13AB3A4138008001'),
('13AB3A4172008001', '1001002', '人力资源', '1', 'none'),
('13AB3A418F808001', '100100201', '个人团队培训', '0', '13AB3A4172008001'),
('13AB3A41AC408001', '100100202', '招聘会', '0', '13AB3A4172008001'),
('13AB3A41CD808002', '1001003', '员工福利', '1', 'none'),
('13AB3A41ED408002', '100100301', '员工旅游', '0', '13AB3A41CD808002'),
('13AB3A420CC08002', '100100302', '员工团建', '0', '13AB3A41CD808002'),
('13AB3A422A808001', '100100303', '员工体检', '0', '13AB3A41CD808002')
ON DUPLICATE KEY UPDATE
    business_type_no = VALUES(business_type_no),
    business_type_name = VALUES(business_type_name),
    there_subordinate_node = VALUES(there_subordinate_node),
    superior_id = VALUES(superior_id);

INSERT INTO city (city_no, city_name, city_type) VALUES
('10119', '北京', '1'),
('10621', '上海', '1'),
('10458', '武汉', '2'),
('10216', '杭州', '2'),
('10455', '荆州', '3')
ON DUPLICATE KEY UPDATE
    city_name = VALUES(city_name),
    city_type = VALUES(city_type);

INSERT INTO project (project_id, project_no, project_name) VALUES
('12BC248B25083001', 'nonProjectRelated', '非项目类费用归集'),
('1C811ABF96195000', 'centralChina', '华中客户定制化项目'),
('1C5931735AC4A000', 'southChina', '华南客户定制化项目'),
('1771EC45F2443000', 'northChina', '华北客户定制化项目'),
('1762792DB4E9A002', 'eastChina', '华东客户定制化项目'),
('17071065FC29A002', 'southWest', '西南客户定制化项目'),
('162664EBE9ABE001', 'northWest', '西北客户定制化项目'),
('162664B8526BE002', 'northEast', '东北客户定制化项目')
ON DUPLICATE KEY UPDATE
    project_no = VALUES(project_no),
    project_name = VALUES(project_name);

INSERT INTO travel_reimbursement (
    reimbursement_id,
    reimbursement_no,
    bill_date,
    status,
    title,
    reason,
    reimburser_id,
    reim_department_id,
    reim_company_id,
    business_type_id,
    remark,
    created_at,
    updated_at
) VALUES
('RBX202605150001', 'RCBX20260515002', '2026-05-15', '1', '日常差旅报销单据-北京客户实施', '4.00CNY，武汉-北京，客户现场项目实施', '13AB3A3F72409002', '13AB8D7B52A9B002', '1C61686865DA8000', '1B5FEB7DD4396000', NULL, '2026-05-15 09:15:00', '2026-05-15 09:15:00'),
('RBX202605130001', 'RCBX20260513014', '2026-05-13', '1', '日常差旅报销单据-上海拜访', '123.00CNY，武汉-上海，客户拜访', '13AB498CC6409002', '13AB8D7B52A9B002', '1C61686865DA8000', '1B5FEB7DD4396000', NULL, '2026-05-13 13:20:00', '2026-05-13 13:20:00'),
('RBX202605130002', 'RCBX20260513013', '2026-05-13', '1', '日常差旅报销单据-杭州支持', '333.00CNY，武汉-杭州，售后支持', '13AB4A56BB009002', '13AB8D7B52A9B002', '1C61686865DA8000', '13AB3A4154008001', NULL, '2026-05-13 10:36:00', '2026-05-13 10:36:00'),
('RBX202605120001', 'RCBX20260512003', '2026-05-12', '1', '日常差旅报销单据-北京会议', '3.00CNY，北京会议差旅', '13AB591FE8009002', '13AB8D7B52A9B002', '1C61686865DA8000', '1A92E43082EFC000', NULL, '2026-05-12 16:10:00', '2026-05-12 16:10:00'),
('RBX202604290001', 'RCBX20260429076', '2026-04-29', '0', '测试', '测试', '13AB77281A408001', '13AB8D7B52A9B002', '1C61686865DA8000', '1B5FEB7DD4396000', NULL, '2026-04-29 17:30:00', '2026-04-29 17:30:00'),
('RBX202604290002', 'RCBX20260429075', '2026-04-29', '0', '测试', '测试', '13AB7925EB808001', '13AB8D7B52A9B002', '1C61686865DA8000', '1B5FEB7DD4396000', NULL, '2026-04-29 16:42:00', '2026-04-29 16:42:00'),
('RBX202604290003', 'RCBX20260429074', '2026-04-29', '0', '测试', '测试', '13AB3A3F72409002', '13AB8D7B52A9B002', '1C61686865DA8000', '1B5FEB7DD4396000', NULL, '2026-04-29 15:21:00', '2026-04-29 15:21:00'),
('RBX202604290004', 'RCBX20260429073', '2026-04-29', '0', '这个法人公司的名字可能会有点长哦...', '客户陪侍', '13AB498CC6409002', '13AB8D7B52A9B002', '1C61686865DA8000', '13AB3A418F808001', NULL, '2026-04-29 14:18:00', '2026-04-29 14:18:00'),
('RBX202604290005', 'RCBX20260429072', '2026-04-29', '1', '这个法人公司的名字可能会有点长哦...', '客户陪侍', '13AB4A56BB009002', '13AB8D7B52A9B002', '1C61686865DA8000', '13AB3A418F808001', NULL, '2026-04-29 13:05:00', '2026-04-29 13:05:00'),
('RBX202604290006', 'RCBX20260429071', '2026-04-29', '2', '这个法人公司的名字可能会有点长哦...', '客户陪侍', '13AB591FE8009002', '13AB8D7B52A9B002', '1C61686865DA8000', '13AB3A418F808001', NULL, '2026-04-29 11:50:00', '2026-04-29 11:50:00'),
('RBX202605210001', 'RCBX20260521001', '2026-05-21', '0', '华中区域客户拜访', '武汉-北京区域重点客户拜访', '13AB3A3F72409002', '13BFD31C6029A002', '1C61686865DA8000', '1A92E43082EFC000', NULL, '2026-05-21 08:30:00', '2026-05-21 08:30:00'),
('RBX202605200001', 'RCBX20260520001', '2026-05-20', '1', '华南项目实施出差', '深圳客户项目实施支持', '13AB498CC6409002', '14515BB4BFB92003', '1C5931735AC4A000', '1B5FEB7DD4396000', NULL, '2026-05-20 14:20:00', '2026-05-20 14:20:00'),
('RBX202605190001', 'RCBX20260519001', '2026-05-19', '1', '华东市场拓展', '杭州、上海客户拓展', '13AB4A56BB009002', '19206611C47A6000', '1762792DB4E9A002', '1A92E43082EFC000', NULL, '2026-05-19 09:00:00', '2026-05-19 09:00:00'),
('RBX202605180001', 'RCBX20260518001', '2026-05-18', '0', '年度产品培训', '北京总部产品培训', '13AB591FE8009002', '13C7E2BAE0393001', '1C54557F1782E000', '13AB3A418F808001', NULL, '2026-05-18 10:15:00', '2026-05-18 10:15:00'),
('RBX202605170001', 'RCBX20260517001', '2026-05-17', '1', '西南客户售后支持', '成都、重庆客户售后维护', '13AB77281A408001', '14055D22BB808001', '17071065FC29A002', '13AB3A4154008001', NULL, '2026-05-17 16:45:00', '2026-05-17 16:45:00'),
('RBX202605160001', 'RCBX20260516001', '2026-05-16', '2', '展会参展费用', '上海国际软件展会参展', '13AB7925EB808001', '19D32F9FE9647000', '19218A262C976000', '1A92E43082EFC000', NULL, '2026-05-16 11:30:00', '2026-05-16 11:30:00'),
('RBX202605150002', 'RCBX20260515001', '2026-05-15', '1', '北京客户项目验收', '北京总部项目验收签字', '13AB3A3F72409002', '13AB8D7B52A9B002', '1C54557F1782E000', '1B5FEB7DD4396000', NULL, '2026-05-15 14:00:00', '2026-05-15 14:00:00'),
('RBX202605140001', 'RCBX20260514001', '2026-05-14', '1', '武汉本地客户拜访', '武汉光谷区域客户拜访', '13AB498CC6409002', '13AB8D7B52A9B002', '1C61686865DA8000', '1A92E43082EFC000', NULL, '2026-05-14 09:30:00', '2026-05-14 09:30:00'),
('RBX202605110001', 'RCBX20260511001', '2026-05-11', '0', '团队建设活动', '部门季度团建活动', '13AB4A56BB009002', '13C7E2BAE0393001', '1C61686865DA8000', '13AB3A420CC08002', NULL, '2026-05-11 13:00:00', '2026-05-11 13:00:00'),
('RBX202605100001', 'RCBX20260510001', '2026-05-10', '1', '荆州的客户培训', '荆州客户产品培训支持', '13AB591FE8009002', '14515BB4BFB92003', '16AE93CC7EF92002', '1B5FEB7DD4396000', NULL, '2026-05-10 08:00:00', '2026-05-10 08:00:00'),
('RBX202605090001', 'RCBX20260509001', '2026-05-09', '1', '国外考察学习', '日本同行业考察学习', '13AB77281A408001', '19D32F9FE9647000', '1C61686865DA8000', '13AB3A4248008002', NULL, '2026-05-09 06:30:00', '2026-05-09 06:30:00'),
('RBX202605080001', 'RCBX20260508001', '2026-05-08', '0', '校园招聘活动', '武汉大学校园招聘宣讲', '13AB7925EB808001', '13C7E2BAE0393001', '1C61686865DA8000', '13AB3A41AC408001', NULL, '2026-05-08 14:30:00', '2026-05-08 14:30:00'),
('RBX202605070001', 'RCBX20260507001', '2026-05-07', '1', '员工体检报销', '年度员工健康体检', '13AB3A3F72409002', '13C7E2BAE0393001', '1C61686865DA8000', '13AB3A422A808001', NULL, '2026-05-07 10:00:00', '2026-05-07 10:00:00'),
('RBX202605060001', 'RCBX20260506001', '2026-05-06', '2', '重复报销测试单', '测试数据已作废', '13AB498CC6409002', '13AB8D7B52A9B002', '1C61686865DA8000', '1B5FEB7DD4396000', NULL, '2026-05-06 15:20:00', '2026-05-06 15:20:00')
ON DUPLICATE KEY UPDATE
    reimbursement_no = VALUES(reimbursement_no),
    bill_date = VALUES(bill_date),
    status = VALUES(status),
    title = VALUES(title),
    reason = VALUES(reason),
    reimburser_id = VALUES(reimburser_id),
    reim_department_id = VALUES(reim_department_id),
    reim_company_id = VALUES(reim_company_id),
    business_type_id = VALUES(business_type_id),
    remark = VALUES(remark),
    created_at = VALUES(created_at),
    updated_at = VALUES(updated_at);

UPDATE travel_reimbursement SET status = '0' WHERE status = 'DRAFT';
UPDATE travel_reimbursement SET status = '1' WHERE status IN ('APPROVING', 'APPROVED', 'COMPLETED');
UPDATE travel_reimbursement SET status = '2' WHERE status = 'VOIDED';
